<?xml version="1.0" encoding="UTF-8"?>
<!DOCTYPE mapper
    PUBLIC "-//mybatis.org//DTD Mapper 3.0//EN"
    "https://mybatis.org/dtd/mybatis-3-mapper.dtd">

<mapper namespace="org.doit.ik.mapper.NoticeMapper">
	<!-- ${ } : 전달된 값 그대로 적용  
	#{ } : 전달된 값의 자료형에 맞게 변환  -->
	
    <select id="getCount" resultType="Integer">
      SELECT COUNT(*) CNT 
      FROM NOTICES 
      WHERE ${param1} LIKE '%${param2}%' 
    </select>
    
    
    <select id="getNotices" resultType="org.doit.ik.domain.NoticeVO">
       SELECT *  
       FROM (  
                 SELECT ROWNUM NUM, N.*  
                 FROM ( 
                              SELECT *  
                              FROM NOTICES  
                              WHERE ${ param2 } LIKE '%${ param3 }%'
                             ORDER BY REGDATE DESC 
                           ) N 
                 )  
        WHERE NUM BETWEEN (1 + ( #{param1} -1)*15) AND (15 + (#{param1} -1)*15)
     </select>
     
     
     <delete id="delete">
     	DELETE  FROM NOTICES 
        WHERE SEQ=#{seq} 
     </delete>
     
    <update id="update">
    	UPDATE NOTICES 
        SET TITLE=#{title}, CONTENT=#{content}
        <if test="filesrc != null">
        , FILESRC=#{filesrc}
        </if>
        WHERE SEQ=#{seq}
    </update> 
	
	<select id="getNotice" resultType="org.doit.ik.domain.NoticeVO">
		SELECT * 
        FROM NOTICES 
        WHERE SEQ=#{seq}
	</select>
	
	<update id="hitUp">
         UPDATE notices  
       SET hit = hit + 1  
       WHERE seq = #{ seq }
   </update>
 
   <select id="getHit" resultType="Integer">
         SELECT hit  
        FROM notices 
          WHERE seq = #{ seq }
   </select>
   
   
  <insert id="insert">  
         <selectKey order="BEFORE"  resultType="String"  keyProperty="seq">
              SELECT MAX(TO_NUMBER(SEQ))+1 
              FROM NOTICES
         </selectKey> 
         INSERT INTO NOTICES
       ( SEQ, TITLE, CONTENT, WRITER, REGDATE, HIT, FILESRC) 
       VALUES
       (  #{ seq } ,  #{ title } , #{ content }, #{ writer }, SYSDATE, 0, #{filesrc, javaType=String,  jdbcType=VARCHAR} )
     </insert>
	
</mapper>